{
    "feature": "alcohol",
    "left": {
        "feature": "sulphates",
        "left": {
            "feature": "free sulfur dioxide",
            "left": {
                "feature": "sulphates",
                "left": {
                    "feature": "chlorides",
                    "left": {
                        "feature": "density",
                        "left": {
                            "feature": "residual sugar",
                            "left": 5.833333333333334,
                            "right": 7.0,
                            "value": 2.7
                        },
                        "right": 6.0,
                        "value": 0.9950399999999999
                    },
                    "right": {
                        "feature": "sulphates",
                        "left": {
                            "feature": "alcohol",
                            "left": 7.333333333333333,
                            "right": 7.0,
                            "value": 12.4
                        },
                        "right": 7.0,
                        "value": 0.75
                    },
                    "value": 0.064
                },
                "right": {
                    "feature": "sulphates",
                    "left": {
                        "feature": "alcohol",
                        "left": {
                            "feature": "alcohol",
                            "left": 5.5,
                            "right": 5.666666666666667,
                            "value": 12.4
                        },
                        "right": 6.0,
                        "value": 11.9
                    },
                    "right": 6.5,
                    "value": 0.62
                },
                "value": 0.73
            },
            "right": {
                "feature": "fixed acidity",
                "left": {
                    "feature": "total sulfur dioxide",
                    "left": 6.0,
                    "right": {
                        "feature": "density",
                        "left": {
                            "feature": "alcohol",
                            "left": 7.666666666666667,
                            "right": 7.0,
                            "value": 12.0
                        },
                        "right": 6.75,
                        "value": 0.997
                    },
                    "value": 35.0
                },
                "right": {
                    "feature": "volatile acidity",
                    "left": {
                        "feature": "density",
                        "left": 6.0,
                        "right": {
                            "feature": "alcohol",
                            "left": {
                                "feature": "alcohol",
                                "left": 7.5,
                                "right": 7.5,
                                "value": 12.9
                            },
                            "right": 7.0,
                            "value": 12.7
                        },
                        "value": 0.99397
                    },
                    "right": {
                        "feature": "total sulfur dioxide",
                        "left": {
                            "feature": "alcohol",
                            "left": {
                                "feature": "alcohol",
                                "left": {
                                    "feature": "alcohol",
                                    "left": 7.0,
                                    "right": {
                                        "feature": "alcohol",
                                        "left": 7.5,
                                        "right": 7.0,
                                        "value": 12.4
                                    },
                                    "value": 12.5
                                },
                                "right": 7.0,
                                "value": 12.2
                            },
                            "right": {
                                "feature": "alcohol",
                                "left": 7.0,
                                "right": {
                                    "feature": "alcohol",
                                    "left": 7.0,
                                    "right": 7.25,
                                    "value": 11.7
                                },
                                "value": 11.9
                            },
                            "value": 12.0
                        },
                        "right": 6.5,
                        "value": 9.0
                    },
                    "value": 0.42
                },
                "value": 9.4
            },
            "value": 13.0
        },
        "right": {
            "feature": "total sulfur dioxide",
            "left": {
                "feature": "density",
                "left": 6.5,
                "right": {
                    "feature": "chlorides",
                    "left": {
                        "feature": "alcohol",
                        "left": 6.0,
                        "right": {
                            "feature": "alcohol",
                            "left": {
                                "feature": "alcohol",
                                "left": 5.75,
                                "right": 5.666666666666667,
                                "value": 12.2
                            },
                            "right": {
                                "feature": "alcohol",
                                "left": {
                                    "feature": "alcohol",
                                    "left": 5.5,
                                    "right": {
                                        "feature": "alcohol",
                                        "left": {
                                            "feature": "alcohol",
                                            "left": 6.0,
                                            "right": 5.5,
                                            "value": 11.8
                                        },
                                        "right": 5.75,
                                        "value": 11.7
                                    },
                                    "value": 11.9
                                },
                                "right": 5.5,
                                "value": 11.6
                            },
                            "value": 12.0
                        },
                        "value": 12.6
                    },
                    "right": 6.5,
                    "value": 0.039
                },
                "value": 0.9976
            },
            "right": 6.208333333333334,
            "value": 10.0
        },
        "value": 0.61
    },
    "right": {
        "feature": "volatile acidity",
        "left": {
            "feature": "alcohol",
            "left": {
                "feature": "residual sugar",
                "left": 6.0,
                "right": {
                    "feature": "sulphates",
                    "left": {
                        "feature": "residual sugar",
                        "left": {
                            "feature": "alcohol",
                            "left": {
                                "feature": "density",
                                "left": 7.0,
                                "right": {
                                    "feature": "sulphates",
                                    "left": {
                                        "feature": "alcohol",
                                        "left": 5.5,
                                        "right": {
                                            "feature": "alcohol",
                                            "left": 6.0,
                                            "right": {
                                                "feature": "free sulfur dioxide",
                                                "left": 6.0,
                                                "right": 5.5,
                                                "value": 14.0
                                            },
                                            "value": 11.2
                                        },
                                        "value": 11.4
                                    },
                                    "right": {
                                        "feature": "volatile acidity",
                                        "left": {
                                            "feature": "alcohol",
                                            "left": {
                                                "feature": "alcohol",
                                                "left": 6.0,
                                                "right": 5.75,
                                                "value": 11.4
                                            },
                                            "right": 6.5,
                                            "value": 11.3
                                        },
                                        "right": 7.0,
                                        "value": 0.48
                                    },
                                    "value": 0.76
                                },
                                "value": 0.9988
                            },
                            "right": {
                                "feature": "total sulfur dioxide",
                                "left": {
                                    "feature": "alcohol",
                                    "left": 5.645833333333333,
                                    "right": {
                                        "feature": "alcohol",
                                        "left": {
                                            "feature": "alcohol",
                                            "left": {
                                                "feature": "alcohol",
                                                "left": 6.0,
                                                "right": {
                                                    "feature": "sulphates",
                                                    "left": 5.5,
                                                    "right": 5.0,
                                                    "value": 0.72
                                                },
                                                "value": 10.5
                                            },
                                            "right": 6.0,
                                            "value": 10.4
                                        },
                                        "right": {
                                            "feature": "alcohol",
                                            "left": 5.25,
                                            "right": {
                                                "feature": "sulphates",
                                                "left": 5.666666666666667,
                                                "right": 5.0,
                                                "value": 0.89
                                            },
                                            "value": 10.0
                                        },
                                        "value": 10.2
                                    },
                                    "value": 10.7
                                },
                                "right": {
                                    "feature": "total sulfur dioxide",
                                    "left": 6.666666666666667,
                                    "right": {
                                        "feature": "chlorides",
                                        "left": {
                                            "feature": "pH",
                                            "left": {
                                                "feature": "sulphates",
                                                "left": 5.5,
                                                "right": 6.5,
                                                "value": 0.69
                                            },
                                            "right": {
                                                "feature": "alcohol",
                                                "left": {
                                                    "feature": "alcohol",
                                                    "left": {
                                                        "feature": "alcohol",
                                                        "left": {
                                                            "feature": "alcohol",
                                                            "left": 5.333333333333333,
                                                            "right": 6.0,
                                                            "value": 11.0
                                                        },
                                                        "right": {
                                                            "feature": "alcohol",
                                                            "left": 6.0,
                                                            "right": {
                                                                "feature": "sulphates",
                                                                "left": 6.0,
                                                                "right": 5.0,
                                                                "value": 0.71
                                                            },
                                                            "value": 10.8
                                                        },
                                                        "value": 10.9
                                                    },
                                                    "right": 5.666666666666667,
                                                    "value": 10.6
                                                },
                                                "right": {
                                                    "feature": "alcohol",
                                                    "left": {
                                                        "feature": "sulphates",
                                                        "left": 6.0,
                                                        "right": 5.0,
                                                        "value": 0.71
                                                    },
                                                    "right": {
                                                        "feature": "alcohol",
                                                        "left": {
                                                            "feature": "sulphates",
                                                            "left": 6.0,
                                                            "right": 5.5,
                                                            "value": 0.72
                                                        },
                                                        "right": 6.0,
                                                        "value": 9.9
                                                    },
                                                    "value": 10.1
                                                },
                                                "value": 10.4
                                            },
                                            "value": 3.57
                                        },
                                        "right": {
                                            "feature": "residual sugar",
                                            "left": {
                                                "feature": "pH",
                                                "left": {
                                                    "feature": "alcohol",
                                                    "left": 6.0,
                                                    "right": 5.5,
                                                    "value": 10.3
                                                },
                                                "right": 6.5,
                                                "value": 3.16
                                            },
                                            "right": 7.0,
                                            "value": 1.8
                                        },
                                        "value": 0.071
                                    },
                                    "value": 47.0
                                },
                                "value": 49.0
                            },
                            "value": 11.1
                        },
                        "right": 6.666666666666667,
                        "value": 1.5
                    },
                    "right": {
                        "feature": "citric acid",
                        "left": {
                            "feature": "volatile acidity",
                            "left": {
                                "feature": "alcohol",
                                "left": {
                                    "feature": "alcohol",
                                    "left": {
                                        "feature": "alcohol",
                                        "left": 5.666666666666667,
                                        "right": {
                                            "feature": "alcohol",
                                            "left": {
                                                "feature": "sulphates",
                                                "left": 5.0,
                                                "right": 5.0,
                                                "value": 0.49
                                            },
                                            "right": 5.125,
                                            "value": 11.3
                                        },
                                        "value": 11.4
                                    },
                                    "right": {
                                        "feature": "alcohol",
                                        "left": {
                                            "feature": "alcohol",
                                            "left": 4.666666666666667,
                                            "right": {
                                                "feature": "alcohol",
                                                "left": {
                                                    "feature": "sulphates",
                                                    "left": 5.75,
                                                    "right": {
                                                        "feature": "sulphates",
                                                        "left": 4.75,
                                                        "right": 5.0,
                                                        "value": 0.52
                                                    },
                                                    "value": 0.58
                                                },
                                                "right": {
                                                    "feature": "sulphates",
                                                    "left": 5.666666666666666,
                                                    "right": 5.0,
                                                    "value": 0.44
                                                },
                                                "value": 10.9
                                            },
                                            "value": 11.0
                                        },
                                        "right": 5.833333333333334,
                                        "value": 10.8
                                    },
                                    "value": 11.2
                                },
                                "right": {
                                    "feature": "alcohol",
                                    "left": 5.833333333333334,
                                    "right": {
                                        "feature": "alcohol",
                                        "left": {
                                            "feature": "alcohol",
                                            "left": 5.5,
                                            "right": {
                                                "feature": "alcohol",
                                                "left": {
                                                    "feature": "sulphates",
                                                    "left": 5.5,
                                                    "right": 5.333333333333333,
                                                    "value": 0.54
                                                },
                                                "right": {
                                                    "feature": "sulphates",
                                                    "left": 6.0,
                                                    "right": 5.583333333333334,
                                                    "value": 0.61
                                                },
                                                "value": 10.4
                                            },
                                            "value": 10.5
                                        },
                                        "right": {
                                            "feature": "alcohol",
                                            "left": {
                                                "feature": "alcohol",
                                                "left": {
                                                    "feature": "alcohol",
                                                    "left": {
                                                        "feature": "sulphates",
                                                        "left": 6.0,
                                                        "right": 5.0,
                                                        "value": 0.58
                                                    },
                                                    "right": {
                                                        "feature": "sulphates",
                                                        "left": {
                                                            "feature": "sulphates",
                                                            "left": {
                                                                "feature": "pH",
                                                                "left": 5.5,
                                                                "right": 5.5,
                                                                "value": 3.36
                                                            },
                                                            "right": 6.0,
                                                            "value": 0.6
                                                        },
                                                        "right": 4.5,
                                                        "value": 0.59
                                                    },
                                                    "value": 10.2
                                                },
                                                "right": {
                                                    "feature": "alcohol",
                                                    "left": {
                                                        "feature": "sulphates",
                                                        "left": 5.0,
                                                        "right": {
                                                            "feature": "sulphates",
                                                            "left": {
                                                                "feature": "sulphates",
                                                                "left": 5.5,
                                                                "right": 4.75,
                                                                "value": 0.62
                                                            },
                                                            "right": {
                                                                "feature": "sulphates",
                                                                "left": 6.0,
                                                                "right": 5.0,
                                                                "value": 0.54
                                                            },
                                                            "value": 0.57
                                                        },
                                                        "value": 0.64
                                                    },
                                                    "right": {
                                                        "feature": "sulphates",
                                                        "left": 4.75,
                                                        "right": {
                                                            "feature": "sulphates",
                                                            "left": {
                                                                "feature": "sulphates",
                                                                "left": 5.5,
                                                                "right": 5.5,
                                                                "value": 0.57
                                                            },
                                                            "right": {
                                                                "feature": "sulphates",
                                                                "left": 5.5,
                                                                "right": 5.208333333333334,
                                                                "value": 0.48
                                                            },
                                                            "value": 0.53
                                                        },
                                                        "value": 0.62
                                                    },
                                                    "value": 10.0
                                                },
                                                "value": 10.1
                                            },
                                            "right": {
                                                "feature": "sulphates",
                                                "left": 5.0,
                                                "right": {
                                                    "feature": "sulphates",
                                                    "left": 5.333333333333334,
                                                    "right": 5.0,
                                                    "value": 0.49
                                                },
                                                "value": 0.57
                                            },
                                            "value": 9.9
                                        },
                                        "value": 10.3
                                    },
                                    "value": 10.6
                                },
                                "value": 10.75
                            },
                            "right": {
                                "feature": "chlorides",
                                "left": {
                                    "feature": "alcohol",
                                    "left": {
                                        "feature": "alcohol",
                                        "left": {
                                            "feature": "alcohol",
                                            "left": {
                                                "feature": "sulphates",
                                                "left": 6.0,
                                                "right": 5.333333333333333,
                                                "value": 0.54
                                            },
                                            "right": 5.5,
                                            "value": 11.1
                                        },
                                        "right": {
                                            "feature": "alcohol",
                                            "left": 5.5,
                                            "right": {
                                                "feature": "alcohol",
                                                "left": {
                                                    "feature": "alcohol",
                                                    "left": {
                                                        "feature": "alcohol",
                                                        "left": 6.0,
                                                        "right": {
                                                            "feature": "sulphates",
                                                            "left": 5.5,
                                                            "right": 5.5,
                                                            "value": 0.57
                                                        },
                                                        "value": 10.5
                                                    },
                                                    "right": {
                                                        "feature": "alcohol",
                                                        "left": 5.333333333333334,
                                                        "right": 5.25,
                                                        "value": 10.3
                                                    },
                                                    "value": 10.4
                                                },
                                                "right": 5.5,
                                                "value": 10.2
                                            },
                                            "value": 10.6
                                        },
                                        "value": 10.8
                                    },
                                    "right": 5.75,
                                    "value": 10.0
                                },
                                "right": {
                                    "feature": "total sulfur dioxide",
                                    "left": 7.0,
                                    "right": 6.0,
                                    "value": 15.0
                                },
                                "value": 0.062
                            },
                            "value": 0.48
                        },
                        "right": {
                            "feature": "residual sugar",
                            "left": {
                                "feature": "alcohol",
                                "left": 5.666666666666667,
                                "right": {
                                    "feature": "alcohol",
                                    "left": {
                                        "feature": "alcohol",
                                        "left": 5.5,
                                        "right": 5.5,
                                        "value": 11.2
                                    },
                                    "right": {
                                        "feature": "alcohol",
                                        "left": {
                                            "feature": "alcohol",
                                            "left": {
                                                "feature": "alcohol",
                                                "left": {
                                                    "feature": "sulphates",
                                                    "left": 6.0,
                                                    "right": 4.0,
                                                    "value": 0.59
                                                },
                                                "right": 5.166666666666666,
                                                "value": 10.8
                                            },
                                            "right": 5.5,
                                            "value": 10.7
                                        },
                                        "right": 5.333333333333333,
                                        "value": 10.4
                                    },
                                    "value": 11.0
                                },
                                "value": 11.4
                            },
                            "right": {
                                "feature": "residual sugar",
                                "left": 7.0,
                                "right": {
                                    "feature": "chlorides",
                                    "left": {
                                        "feature": "alcohol",
                                        "left": 6.0,
                                        "right": {
                                            "feature": "sulphates",
                                            "left": 6.0,
                                            "right": 4.5,
                                            "value": 0.52
                                        },
                                        "value": 10.4
                                    },
                                    "right": 6.0,
                                    "value": 0.065
                                },
                                "value": 1.7
                            },
                            "value": 1.8
                        },
                        "value": 0.01
                    },
                    "value": 0.67
                },
                "value": 5.7
            },
            "right": {
                "feature": "total sulfur dioxide",
                "left": {
                    "feature": "alcohol",
                    "left": {
                        "feature": "alcohol",
                        "left": {
                            "feature": "alcohol",
                            "left": {
                                "feature": "sulphates",
                                "left": {
                                    "feature": "sulphates",
                                    "left": {
                                        "feature": "sulphates",
                                        "left": {
                                            "feature": "sulphates",
                                            "left": 5.5,
                                            "right": {
                                                "feature": "sulphates",
                                                "left": 5.333333333333333,
                                                "right": 5.5,
                                                "value": 0.68
                                            },
                                            "value": 0.75
                                        },
                                        "right": 5.0,
                                        "value": 0.67
                                    },
                                    "right": {
                                        "feature": "sulphates",
                                        "left": {
                                            "feature": "sulphates",
                                            "left": {
                                                "feature": "sulphates",
                                                "left": 5.0,
                                                "right": 5.5,
                                                "value": 0.58
                                            },
                                            "right": 5.0,
                                            "value": 0.57
                                        },
                                        "right": 5.25,
                                        "value": 0.51
                                    },
                                    "value": 0.6
                                },
                                "right": 5.166666666666666,
                                "value": 0.49
                            },
                            "right": {
                                "feature": "sulphates",
                                "left": {
                                    "feature": "sulphates",
                                    "left": 5.0,
                                    "right": {
                                        "feature": "sulphates",
                                        "left": {
                                            "feature": "sulphates",
                                            "left": 5.0,
                                            "right": {
                                                "feature": "sulphates",
                                                "left": 5.375,
                                                "right": 5.0,
                                                "value": 0.57
                                            },
                                            "value": 0.6
                                        },
                                        "right": {
                                            "feature": "pH",
                                            "left": 4.0,
                                            "right": 5.0,
                                            "value": 3.28
                                        },
                                        "value": 0.56
                                    },
                                    "value": 0.67
                                },
                                "right": {
                                    "feature": "pH",
                                    "left": 6.0,
                                    "right": 5.25,
                                    "value": 3.51
                                },
                                "value": 0.54
                            },
                            "value": 9.7
                        },
                        "right": {
                            "feature": "sulphates",
                            "left": {
                                "feature": "sulphates",
                                "left": 5.333333333333334,
                                "right": 5.25,
                                "value": 0.73
                            },
                            "right": {
                                "feature": "sulphates",
                                "left": {
                                    "feature": "sulphates",
                                    "left": 6.0,
                                    "right": {
                                        "feature": "sulphates",
                                        "left": {
                                            "feature": "sulphates",
                                            "left": 4.833333333333334,
                                            "right": 5.333333333333333,
                                            "value": 0.54
                                        },
                                        "right": 5.0,
                                        "value": 0.51
                                    },
                                    "value": 0.64
                                },
                                "right": {
                                    "feature": "sulphates",
                                    "left": 5.0,
                                    "right": 4.75,
                                    "value": 0.44
                                },
                                "value": 0.47
                            },
                            "value": 0.66
                        },
                        "value": 9.6
                    },
                    "right": {
                        "feature": "alcohol",
                        "left": {
                            "feature": "alcohol",
                            "left": {
                                "feature": "alcohol",
                                "left": {
                                    "feature": "sulphates",
                                    "left": {
                                        "feature": "sulphates",
                                        "left": {
                                            "feature": "sulphates",
                                            "left": {
                                                "feature": "sulphates",
                                                "left": 5.5,
                                                "right": 5.25,
                                                "value": 1.22
                                            },
                                            "right": 5.0,
                                            "value": 0.77
                                        },
                                        "right": {
                                            "feature": "sulphates",
                                            "left": 6.0,
                                            "right": {
                                                "feature": "sulphates",
                                                "left": {
                                                    "feature": "pH",
                                                    "left": 5.333333333333333,
                                                    "right": 5.0,
                                                    "value": 3.23
                                                },
                                                "right": {
                                                    "feature": "sulphates",
                                                    "left": 5.0,
                                                    "right": {
                                                        "feature": "sulphates",
                                                        "left": 5.125,
                                                        "right": {
                                                            "feature": "pH",
                                                            "left": 6.0,
                                                            "right": 5.166666666666666,
                                                            "value": 3.23
                                                        },
                                                        "value": 0.59
                                                    },
                                                    "value": 0.61
                                                },
                                                "value": 0.62
                                            },
                                            "value": 0.65
                                        },
                                        "value": 0.73
                                    },
                                    "right": {
                                        "feature": "sulphates",
                                        "left": {
                                            "feature": "sulphates",
                                            "left": {
                                                "feature": "sulphates",
                                                "left": {
                                                    "feature": "pH",
                                                    "left": 5.333333333333334,
                                                    "right": 5.333333333333333,
                                                    "value": 3.21
                                                },
                                                "right": {
                                                    "feature": "sulphates",
                                                    "left": 5.25,
                                                    "right": 5.0,
                                                    "value": 0.53
                                                },
                                                "value": 0.54
                                            },
                                            "right": {
                                                "feature": "sulphates",
                                                "left": 5.25,
                                                "right": 5.0,
                                                "value": 0.5
                                            },
                                            "value": 0.52
                                        },
                                        "right": 5.0,
                                        "value": 0.48
                                    },
                                    "value": 0.58
                                },
                                "right": {
                                    "feature": "sulphates",
                                    "left": {
                                        "feature": "sulphates",
                                        "left": {
                                            "feature": "sulphates",
                                            "left": 6.0,
                                            "right": {
                                                "feature": "sulphates",
                                                "left": 5.25,
                                                "right": 5.0,
                                                "value": 0.66
                                            },
                                            "value": 0.77
                                        },
                                        "right": 5.125,
                                        "value": 0.61
                                    },
                                    "right": {
                                        "feature": "sulphates",
                                        "left": {
                                            "feature": "sulphates",
                                            "left": {
                                                "feature": "sulphates",
                                                "left": {
                                                    "feature": "sulphates",
                                                    "left": 5.0,
                                                    "right": {
                                                        "feature": "sulphates",
                                                        "left": {
                                                            "feature": "sulphates",
                                                            "left": 5.0,
                                                            "right": 5.416666666666666,
                                                            "value": 0.54
                                                        },
                                                        "right": 5.0,
                                                        "value": 0.53
                                                    },
                                                    "value": 0.55
                                                },
                                                "right": 5.5,
                                                "value": 0.52
                                            },
                                            "right": 5.0625,
                                            "value": 0.51
                                        },
                                        "right": 5.0,
                                        "value": 0.47
                                    },
                                    "value": 0.57
                                },
                                "value": 9.4
                            },
                            "right": {
                                "feature": "sulphates",
                                "left": 5.0,
                                "right": {
                                    "feature": "sulphates",
                                    "left": {
                                        "feature": "sulphates",
                                        "left": 5.0,
                                        "right": 5.25,
                                        "value": 0.71
                                    },
                                    "right": {
                                        "feature": "sulphates",
                                        "left": {
                                            "feature": "sulphates",
                                            "left": 5.0,
                                            "right": {
                                                "feature": "sulphates",
                                                "left": {
                                                    "feature": "sulphates",
                                                    "left": 5.5,
                                                    "right": 5.75,
                                                    "value": 0.59
                                                },
                                                "right": {
                                                    "feature": "sulphates",
                                                    "left": 5.5,
                                                    "right": 5.0,
                                                    "value": 0.53
                                                },
                                                "value": 0.57
                                            },
                                            "value": 0.6
                                        },
                                        "right": 5.0,
                                        "value": 0.51
                                    },
                                    "value": 0.64
                                },
                                "value": 1.07
                            },
                            "value": 9.3
                        },
                        "right": {
                            "feature": "alcohol",
                            "left": {
                                "feature": "alcohol",
                                "left": {
                                    "feature": "sulphates",
                                    "left": 4.75,
                                    "right": {
                                        "feature": "sulphates",
                                        "left": 5.333333333333333,
                                        "right": {
                                            "feature": "sulphates",
                                            "left": {
                                                "feature": "sulphates",
                                                "left": {
                                                    "feature": "sulphates",
                                                    "left": 5.0,
                                                    "right": {
                                                        "feature": "pH",
                                                        "left": 5.5,
                                                        "right": 5.0,
                                                        "value": 3.2
                                                    },
                                                    "value": 0.61
                                                },
                                                "right": {
                                                    "feature": "sulphates",
                                                    "left": 5.0,
                                                    "right": 4.916666666666666,
                                                    "value": 0.54
                                                },
                                                "value": 0.56
                                            },
                                            "right": {
                                                "feature": "sulphates",
                                                "left": 5.083333333333333,
                                                "right": 5.0,
                                                "value": 0.46
                                            },
                                            "value": 0.52
                                        },
                                        "value": 0.64
                                    },
                                    "value": 0.74
                                },
                                "right": {
                                    "feature": "sulphates",
                                    "left": {
                                        "feature": "sulphates",
                                        "left": {
                                            "feature": "sulphates",
                                            "left": 5.0,
                                            "right": 5.5,
                                            "value": 0.64
                                        },
                                        "right": 5.0,
                                        "value": 0.6
                                    },
                                    "right": 5.0,
                                    "value": 0.57
                                },
                                "value": 9.1
                            },
                            "right": {
                                "feature": "sulphates",
                                "left": {
                                    "feature": "sulphates",
                                    "left": {
                                        "feature": "sulphates",
                                        "left": 5.5,
                                        "right": 5.666666666666667,
                                        "value": 0.65
                                    },
                                    "right": 5.0,
                                    "value": 0.64
                                },
                                "right": 5.083333333333334,
                                "value": 0.59
                            },
                            "value": 9.0
                        },
                        "value": 9.25
                    },
                    "value": 9.56666666666667
                },
                "right": {
                    "feature": "free sulfur dioxide",
                    "left": 6.0,
                    "right": {
                        "feature": "alcohol",
                        "left": {
                            "feature": "pH",
                            "left": 5.5,
                            "right": 6.0,
                            "value": 3.16
                        },
                        "right": {
                            "feature": "alcohol",
                            "left": {
                                "feature": "alcohol",
                                "left": {
                                    "feature": "sulphates",
                                    "left": 5.5,
                                    "right": 5.0,
                                    "value": 0.53
                                },
                                "right": {
                                    "feature": "alcohol",
                                    "left": 5.395833333333333,
                                    "right": {
                                        "feature": "alcohol",
                                        "left": 5.125,
                                        "right": 5.5,
                                        "value": 9.3
                                    },
                                    "value": 9.4
                                },
                                "value": 9.55
                            },
                            "right": 5.5,
                            "value": 9.1
                        },
                        "value": 9.7
                    },
                    "value": 8.0
                },
                "value": 18.0
            },
            "value": 9.8
        },
        "right": {
            "feature": "pH",
            "left": {
                "feature": "density",
                "left": 7.0,
                "right": {
                    "feature": "sulphates",
                    "left": {
                        "feature": "pH",
                        "left": {
                            "feature": "pH",
                            "left": {
                                "feature": "residual sugar",
                                "left": 5.666666666666666,
                                "right": 6.5,
                                "value": 2.0
                            },
                            "right": 7.0,
                            "value": 3.4
                        },
                        "right": {
                            "feature": "total sulfur dioxide",
                            "left": 6.0,
                            "right": {
                                "feature": "total sulfur dioxide",
                                "left": {
                                    "feature": "alcohol",
                                    "left": {
                                        "feature": "alcohol",
                                        "left": 6.0,
                                        "right": {
                                            "feature": "alcohol",
                                            "left": 5.666666666666667,
                                            "right": {
                                                "feature": "alcohol",
                                                "left": 5.5,
                                                "right": {
                                                    "feature": "sulphates",
                                                    "left": 6.0,
                                                    "right": 5.5,
                                                    "value": 0.72
                                                },
                                                "value": 11.0
                                            },
                                            "value": 11.1
                                        },
                                        "value": 11.3
                                    },
                                    "right": {
                                        "feature": "alcohol",
                                        "left": {
                                            "feature": "alcohol",
                                            "left": 5.5,
                                            "right": 6.0,
                                            "value": 10.1
                                        },
                                        "right": 5.625,
                                        "value": 9.7
                                    },
                                    "value": 10.7
                                },
                                "right": 6.5,
                                "value": 10.0
                            },
                            "value": 83.0
                        },
                        "value": 3.39
                    },
                    "right": {
                        "feature": "alcohol",
                        "left": 6.0,
                        "right": {
                            "feature": "alcohol",
                            "left": {
                                "feature": "alcohol",
                                "left": 5.5,
                                "right": 5.5,
                                "value": 11.0
                            },
                            "right": {
                                "feature": "alcohol",
                                "left": {
                                    "feature": "alcohol",
                                    "left": 5.333333333333333,
                                    "right": {
                                        "feature": "alcohol",
                                        "left": 5.5,
                                        "right": {
                                            "feature": "sulphates",
                                            "left": 5.666666666666666,
                                            "right": 5.5,
                                            "value": 0.54
                                        },
                                        "value": 10.1
                                    },
                                    "value": 10.4
                                },
                                "right": {
                                    "feature": "alcohol",
                                    "left": 5.625,
                                    "right": 5.0,
                                    "value": 9.3
                                },
                                "value": 9.8
                            },
                            "value": 10.8
                        },
                        "value": 11.2
                    },
                    "value": 0.67
                },
                "value": 0.9996
            },
            "right": {
                "feature": "alcohol",
                "left": {
                    "feature": "sulphates",
                    "left": {
                        "feature": "chlorides",
                        "left": {
                            "feature": "sulphates",
                            "left": {
                                "feature": "pH",
                                "left": 7.0,
                                "right": {
                                    "feature": "fixed acidity",
                                    "left": 7.0,
                                    "right": {
                                        "feature": "pH",
                                        "left": 6.0,
                                        "right": 6.5,
                                        "value": 3.14
                                    },
                                    "value": 11.6
                                },
                                "value": 3.22
                            },
                            "right": {
                                "feature": "alcohol",
                                "left": 8.0,
                                "right": 7.0,
                                "value": 10.6
                            },
                            "value": 0.66
                        },
                        "right": {
                            "feature": "alcohol",
                            "left": 7.0,
                            "right": 7.25,
                            "value": 10.8
                        },
                        "value": 0.061
                    },
                    "right": 5.666666666666667,
                    "value": 0.55
                },
                "right": {
                    "feature": "fixed acidity",
                    "left": {
                        "feature": "sulphates",
                        "left": 7.0,
                        "right": 6.0,
                        "value": 0.81
                    },
                    "right": {
                        "feature": "alcohol",
                        "left": 5.333333333333334,
                        "right": {
                            "feature": "alcohol",
                            "left": {
                                "feature": "sulphates",
                                "left": 5.5,
                                "right": 5.0,
                                "value": 0.64
                            },
                            "right": {
                                "feature": "alcohol",
                                "left": 5.333333333333333,
                                "right": 6.0,
                                "value": 9.2
                            },
                            "value": 9.3
                        },
                        "value": 9.5
                    },
                    "value": 12.2
                },
                "value": 9.8
            },
            "value": 3.25
        },
        "value": 0.37
    },
    "value": 11.5
}